{
  "project_info": {
    "project_number": "801262988274",
    "firebase_url": "https://gtufirebaseproject-fb21d.firebaseio.com",
    "project_id": "gtufirebaseproject-fb21d",
    "storage_bucket": "gtufirebaseproject-fb21d.appspot.com"
  },
  "client": [
    {
      "client_info": {
        "mobilesdk_app_id": "1:801262988274:android:0fd374e8b30c5d56e9196b",
        "android_client_info": {
          "package_name": "com.example.gtu"
        }
      },
      "oauth_client": [
        {
          "client_id": "801262988274-ick67dc5doq4om4hdfkcj34mkt2n5fd3.apps.googleusercontent.com",
          "client_type": 1,
          "android_info": {
            "package_name": "com.example.gtu",
            "certificate_hash": "010781c4cd8a2b417e5579d1a723d027c2ede40a"
          }
        },
        {
          "client_id": "801262988274-4pp12idc48eu8jjit8p9569trt90gpnc.apps.googleusercontent.com",
          "client_type": 3
        }
      ],
      "api_key": [
        {
          "current_key": "AIzaSyCJFLuCux82pFWahqafYRHSzufq6-DThrM"
        }
      ],
      "services": {
        "appinvite_service": {
          "other_platform_oauth_client": [
            {
              "client_id": "801262988274-4pp12idc48eu8jjit8p9569trt90gpnc.apps.googleusercontent.com",
              "client_type": 3
            }
          ]
        }
      }
    }
  ],
  "configuration_version": "1"
}